feature	cluster	vt_score
AARD	3	-2.169288430717952
ABCA12	3	-2.194606746241207
ABCA13	4	-3.573091259507867
ABCA5	2	-2.3914156525847856
ABCB5	4	-2.552193381739892
ABCB9	4	-2.775775237420403
ABCC8	3	-4.935198171229721
ABCC9	3	-5.815648229570418
ABCD2	3	-5.651733938887637
ABCG2	3	-5.484011390167871
ABHD12B	3	-5.283057440261761
ABLIM2	3	-5.3867082892838765
ABRA	2	-2.8661672923738175
AC001226.2	3	-3.7686768913965154
AC002310.5	3	-2.2280342565906635
AC004997.1	1	-2.3783061511900683
AC005020.2	1	-2.294802448127852
AC005324.3	2	-3.734744623738551
AC005324.4	2	-2.5761967742384666
AC005551.1	4	-2.689629332016072
AC005670.2	3	-3.16085774882846
AC005779.2	2	-2.5021696049945183
AC005841.2	2	-2.147641357466393
AC005885.1	3	-2.791736080271551
AC007240.1	2	-3.190705203018553
AC008073.3	3	-2.5402689943465693
AC008758.4	3	-2.847757685501578
AC009014.1	2	-2.121519331994811
AC009336.2	2	-2.31814866215848
AC010132.3	3	-2.0427273215922317
AC010323.1	2	-2.1919890605735386
AC010542.3	3	-2.821175465241178
AC011462.1	2	-2.505049677171333
AC012531.3	5	-2.093425940417117
AC018630.6	5	-2.6086533678320176
AC018755.2	3	-2.5120640592914802
AC025283.2	3	-2.0595796300319416
AC027796.3	2	-2.004144018930674
AC037459.1	1	-2.088392090952875
AC067968.1	2	-2.475473330344885
AC068547.1	3	-2.2712289694901937
AC068775.2	3	-4.453826010427671
AC069368.1	3	-2.00496100980749
AC073111.3	3	-2.834612497841078
AC073111.5	3	-2.8499356396846953
AC073612.1	2	-2.114289213609057
AC078927.1	3	-2.205641838320977
AC079447.1	3	-2.5799129098477285
AC091980.2	3	-2.5090777020269086
AC092073.1	3	-2.008678623725729
AC092143.1	4	-2.4876231520551597
AC092718.3	3	-2.0523313321777388
AC097372.1	3	-3.3604534767580274
AC097637.1	3	-2.9425553784112983
AC098850.4	2	-2.4007326633498947
AC100868.1	2	-2.1749566406638294
AC104836.1	3	-2.1648791162407965
AC106782.1	4	-2.0977592040246598
AC124312.1	3	-2.293830571579153
AC135050.2	1	-2.8845129963111633
AC135178.2	3	-2.8155887036105787
AC138811.2	1	-2.8312773281122956
AC233755.1	4	-2.106988507038618
AC245033.1	2	-2.052213737861183
ACP4	2	-2.76265919517799
ACP5	4	-3.4203192621647767
ACPP	3	-6.4672776370053775
ACSBG1	3	-4.962036933720992
ACSL5	3	-6.789427016638846
ACSL6	3	-6.321288313765293
ACTL6B	3	-5.744229726537518
ADA2	3	-5.2425310936337475
ADAM21	4	-2.22494925000651
ADAM33	2	-2.171718435388158
ADAM7	2	-2.108655503196296
ADAMDEC1	3	-3.0486721944529855
ADAMTS14	4	-3.3510809850740384
ADAMTS18	3	-2.4597753553635866
ADAMTS3	1	-2.2799133328537384
ADAMTS8	3	-4.953885680030236
ADAMTSL2	3	-7.08544139215134
ADAMTSL3	3	-3.929464212543784
ADARB2	3	-5.228781716122259
ADAT3	2	-2.6632043509165055
ADCY1	3	-4.537958640432657
ADCY8	3	-3.900656680465774
ADD2	3	-5.150622661884087
ADGRA1	3	-5.133079954993909
ADGRB1	3	-3.7448395287708522
ADGRB3	3	-4.664899701903512
ADGRD1	3	-5.218999193154898
ADGRE2	3	-6.287625215533304
ADGRF2	4	-2.4329703680595745
ADGRF4	4	-2.9362732127732576
ADGRF5	3	-4.603729015752808
ADGRG2	3	-2.530807285455582
ADGRG5	3	-6.536060013765103
ADGRL3	3	-3.1048284644161988
ADH1C	4	-2.9839699077469435
ADH4	4	-2.3433433939068204
ADHFE1	3	-4.6541093815318435
ADIG	3	-4.35929161165185
ADIPOQ	3	-2.528915378596408
ADM	4	-2.658072143868909
ADRA1B	3	-2.9538585545044658
ADRB1	3	-5.111262945497517
ADRB2	3	-3.7160508080109858
AFAP1L2	3	-5.114161769805515
AFF2	3	-2.310803915184178
AGR3	3	-2.2721011682275436
AGTR2	2	-2.3213284364387525
AHNAK2	4	-4.233628913159062
AHR	4	-3.800402277069964
AHSG	3	-2.4948095115325506
AHSP	3	-2.1176421548810724
AIF1	3	-7.802829186333989
AIRE	3	-2.913423029609211
AK8	3	-3.331902648899846
AKAP3	3	-3.6413907626762523
AKR1C1	3	-2.7871065881434234
AKR1C2	3	-2.8968498577942436
AKR1C3	3	-2.253652945895143
AKR1D1	4	-2.710437668091198
AL021997.3	2	-2.7189839501441404
AL049634.2	4	-2.036492939837868
AL121845.2	5	-2.434957940697728
AL136531.2	3	-3.341608607401885
AL139300.1	1	-2.0136723703396644
AL160276.1	3	-2.2265437679719007
AL160396.2	3	-2.4173857272180377
AL162231.3	1	-2.0102021260082297
AL355102.2	4	-2.04881707998167
AL355987.3	2	-2.430859583263596
AL359736.1	3	-3.4646873966626446
AL365273.2	3	-2.2163545581601536
AL391650.1	2	-2.3452542322193994
AL513523.10	2	-3.9221648924144636
AL591806.3	4	-2.2041352890920134
AL662899.3	2	-4.493209926913198
AL807752.6	4	-2.024527218077154
ALAS2	3	-5.009804004255594
ALDH1L2	2	-2.407866758119631
ALDH3B1	4	-4.11877249112911
ALKAL2	2	-2.251500968661279
ALOX5	3	-7.283572822966114
ALX4	3	-2.2328085318856647
AMIGO3	4	-2.3903701111817575
AMY2A	3	-2.490229857055159
AMY2B	3	-5.300557015813011
ANGPTL4	4	-2.963773574113591
ANKFN1	3	-5.116994930160469
ANKRD20A2	3	-3.3626387718957846
ANKRD20A8P	3	-2.1505945913610884
ANKRD30B	2	-3.6808568304989278
ANKRD33B	2	-2.9171778716726444
ANKRD45	3	-3.35313011192766
ANKRD65	3	-3.6481148921597404
ANKRD66	3	-2.0482443500900285
ANKS1B	3	-2.528474636816779
ANO2	3	-5.383806049501581
ANO4	3	-2.3468021676167994
ANO5	3	-5.42417878201385
ANO7	5	-2.9601229405237888
ANXA1	4	-4.07512911179345
ANXA8L1	2	-3.093130990260592
AOAH	3	-7.3819656384072445
AOC3	4	-2.130052433362656
AP000275.2	3	-3.1035506422571446
AP002748.4	3	-2.343605008882583
APC2	3	-5.5834527315869416
APCDD1	3	-3.694559345472663
APLN	3	-4.037772563307329
APOA1	2	-2.266249229399871
APOA2	2	-2.5389944576939243
APOBEC3D	4	-2.6324788157729517
APOBR	3	-6.259464090575473
APOC4	3	-2.9440573583930276
APOL1	4	-2.3729807906078335
APOM	1	-2.7300583659535893
AQP1	3	-4.611214562391585
AQP12A	2	-2.841377041281501
AQP5	3	-4.227314213049589
AR	1	-2.4852318864709506
ARAP2	3	-4.802412272176
ARC	3	-2.0806659350245122
ARG1	3	-3.7483866706048254
ARG2	4	-2.829403616750339
ARHGAP19-SLIT1	3	-3.1181662013953484
ARHGAP28	2	-2.2776918033767215
ARHGAP30	3	-7.925413578918294
ARHGAP36	3	-4.661042418658972
ARHGAP4	3	-6.343610963728998
ARHGAP40	3	-3.6443092080642536
ARHGAP45	3	-5.983867817925559
ARHGAP9	3	-6.741973358980635
ARHGEF16	2	-2.593521461928904
ARID3C	2	-2.166902798360074
ARL11	3	-7.7460968769794984
ARL5C	2	-3.4138172808144636
ARMC12	2	-2.382705353386073
ARPC1B	4	-2.5525463074713794
ARPP21	3	-6.25056403689382
ARSF	3	-2.885752322041161
ART1	3	-3.1300121007364137
ART3	3	-4.252795955124089
ASB10	2	-3.049412649671086
ASB16	2	-2.123576561337544
ASB4	3	-5.38040477900755
ASB5	3	-2.0111573889379226
ASCL2	3	-2.760036324347235
ASCL4	3	-2.385553551400202
ASGR2	3	-6.56584862707597
ASIC3	2	-4.866722827692648
ASTN1	3	-6.219614206059232
ATF3	4	-2.3028578952348435
ATOH8	2	-2.4368198406526402
ATP11B	5	-2.2865266020835877
ATP13A4	3	-5.637329867079744
ATP6V1C2	4	-2.2809444763187847
ATP6V1G2	3	-3.4927624348769895
ATP8A1	3	-5.07680513893171
ATP8B1	4	-3.4001144985828526
AXDND1	3	-2.711838306439563
AZGP1	3	-3.4879025876368264
B3GAT1	3	-4.848378141761173
B3GNT7	3	-3.4115271003959515
BANF2	3	-2.3152491293962916
BANK1	3	-2.6269754237129317
BARX2	3	-3.60283723941332
BASP1	3	-2.700514145384183
BATF	3	-5.7416768056932455
BCAN	3	-4.873180472024768
BCL2A1	3	-5.512246447627346
BCL6B	3	-6.121806720066647
BDKRB1	4	-2.85726377413957
BEGAIN	3	-2.619287570567497
BEND2	3	-2.546382279559515
BEND6	3	-3.8874058010799306
BEST3	3	-4.463834469581342
BEX1	3	-3.398332919586569
BEX2	3	-3.6852478135224414
BEX5	3	-4.316097813438207
BGN	4	-2.408299329659845
BHLHE22	3	-3.9893458597180187
BHLHE40	4	-3.364296869929184
BHMT	3	-2.1643029033942884
BHMT2	3	-2.2982061335451593
BIN1	2	-4.585818158367564
BIN2	3	-7.898958977279548
BIRC3	4	-2.502463676376475
BLM	1	-3.1541762001243137
BLNK	3	-8.251078531108542
BMP3	2	-2.218708045302243
BMP4	4	-2.3377525075833607
BMP6	3	-2.3858453896998126
BMP7	3	-3.4801899480220304
BMPER	3	-2.5819858396067032
BMPR1B	3	-5.837291043488705
BMX	3	-2.642003045755059
BNC2	4	-2.3757944661649617
BPI	3	-2.3429959577109662
BRINP1	3	-2.01356876973715
BRINP3	3	-3.784445171902287
BTG4	5	-2.3020967276363367
BTK	3	-7.3898691410378206
BTLA	3	-4.2852984559788885
BTNL3	3	-2.3906366034340842
BTNL9	3	-7.183546863656158
BX088645.1	4	-3.1810365006869015
C10orf105	3	-6.018494175499102
C10orf55	4	-2.5703147232697874
C10orf90	3	-2.5169612425440415
C11orf87	2	-2.219828415276269
C11orf88	3	-2.1655001171486292
C14orf39	5	-2.177339097453221
C15orf48	3	-2.0087136827042458
C15orf59	3	-3.1328706982804957
C16orf54	3	-7.126436014969928
C16orf74	2	-2.2709878875310427
C16orf82	3	-2.512521370176371
C16orf96	3	-4.438830660931424
C17orf113	3	-2.8666180399377295
C17orf67	2	-4.117439668577633
C17orf74	2	-3.29024647430822
C17orf98	2	-2.2620347255688653
C17orf99	2	-3.6653824018751213
C18orf63	5	-2.0368602678720076
C19orf18	2	-2.4592086045396084
C1QB	3	-7.750216930129804
C1QTNF3	3	-2.6454957871895672
C1QTNF7	3	-2.331719965052294
C1QTNF9	3	-2.3116256448328025
C1RL	4	-4.719355287526783
C1S	4	-4.035873675016664
C1orf21	3	-4.426994235458792
C1orf50	1	-2.3038356254938503
C1orf64	3	-7.9829094031893
C20orf202	3	-4.072426168305597
C22orf31	3	-2.7299242581600005
C22orf42	3	-2.1078384023474435
C2CD4A	4	-3.0620603800945454
C2orf16	3	-3.5170490362635576
C2orf40	3	-5.445306990971156
C2orf70	3	-2.3665663461182205
C2orf73	3	-4.056525441432221
C2orf78	2	-2.67865770340588
C2orf83	3	-4.151823000746654
C3orf14	3	-3.1503970984468186
C3orf20	3	-2.0537053073569633
C3orf36	4	-2.2572100812498723
C3orf70	3	-3.3365601741859923
C4A	3	-4.729286671904791
C4B	3	-5.1538436670567425
C4orf32	5	-2.5968869695280814
C4orf51	4	-2.1605340490764458
C5orf47	3	-2.1860484534614653
C5orf49	3	-4.134680583813791
C5orf58	3	-3.125899122700599
C6orf118	3	-5.474992542183672
C6orf141	4	-2.279491921755983
C7orf77	3	-2.4091830126501312
C8orf22	3	-2.9715233262838323
C8orf34	3	-2.4930914102665502
C8orf4	4	-3.297711081277255
C8orf48	4	-3.707419234063225
C9orf152	2	-2.4053883852604874
C9orf50	3	-2.791857946463004
C9orf66	3	-5.392457018099386
CA1	3	-4.068073500695933
CA10	3	-3.618436764216201
CA14	3	-2.1103247029596868
CA2	3	-5.290174010391327
CA5A	3	-6.00693080574111
CA9	4	-2.531990541528676
CABLES1	3	-3.791808684928114
CABYR	2	-2.937812138907247
CACNA1D	3	-5.168557011612827
CACNA1H	2	-2.6597845409631153
CACNA2D2	3	-3.8773241040631237
CACNG1	3	-5.1116158760534285
CACNG7	3	-3.368474817476142
CACNG8	3	-2.0364903978759976
CADM1	3	-2.2488901250825735
CADPS2	3	-3.6601631699061254
CALCB	3	-2.9997819271680863
CALCR	3	-3.0109590634377006
CALML3	2	-2.0601917273962163
CALY	2	-2.9975450694010686
CAMK4	3	-2.0776918230195425
CAMP	4	-2.1665634833343215
CAMSAP3	3	-5.0055310015946395
CAPN11	4	-2.2651670690675756
CAPN9	3	-5.413500054814317
CAPSL	2	-2.1649730968462255
CAPZA3	2	-2.260802110819262
CARD11	3	-7.336600008966102
CARTPT	2	-2.509234767520286
CASC1	3	-4.851761698193896
CASP10	3	-5.326853014083161
CASR	3	-2.8720151293530547
CASS4	3	-5.121937078916193
CATSPER3	3	-3.3619640726244273
CAVIN1	4	-3.4450741648832985
CAVIN2	3	-4.091621238363644
CBLN4	3	-2.5491687055291123
CBY3	2	-2.601359409469398
CCDC110	4	-2.613277099161684
CCDC144A	2	-2.0563415971555417
CCDC148	3	-4.078988227063007
CCDC150	2	-2.2959512989464193
CCDC152	3	-2.154226605091734
CCDC153	2	-2.1134860847164503
CCDC168	2	-2.3301766392940593
CCDC175	3	-2.4258123681770685
CCDC182	3	-2.5169545772089026
CCDC187	3	-4.911266161024893
CCDC190	2	-2.7788609781579527
CCDC196	2	-2.518076276617554
CCDC38	3	-3.725029896016547
CCDC39	3	-4.812073049887342
CCDC60	3	-2.5364727203769704
CCDC68	3	-2.9567798974984187
CCDC69	3	-4.877010498028252
CCDC80	1	-2.339747581062153
CCDC89	3	-2.3156219811304477
CCER2	3	-4.727194557718531
CCKAR	4	-3.1522202671193926
CCL14	3	-3.839639642386205
CCL22	3	-5.103745310002328
CCL3	3	-5.493128224565374
CCL4	3	-6.547762480861804
CCNA1	3	-3.861873664474595
CCR10	4	-2.0063533064881534
CCR4	3	-3.436724453182118
CCR6	3	-2.0487750335839676
CCR9	3	-2.8785617855455854
CD160	3	-2.7804404992660303
CD2	3	-6.284956339439749
CD200	3	-4.970213094962092
CD200R1	3	-3.6145942928477033
CD207	5	-2.1498515783051695
CD247	3	-6.87019726598061
CD274	4	-2.633295883833408
CD300C	3	-7.303836737190186
CD300LF	3	-7.822667395920476
CD302	3	-2.1048686001585013
CD33	3	-7.908803339836697
CD37	3	-6.2970298307934325
CD3G	3	-5.396858835776199
CD40	3	-4.175352364278791
CD48	3	-7.187321339341693
CD52	3	-6.293958514223392
CD83	3	-3.9058144112254864
CD84	3	-7.670801777555492
CD86	3	-7.8753645282180385
CD8B	3	-7.037985759266524
CDA	3	-2.5843774209562373
CDH10	3	-3.872355645678836
CDH11	4	-3.5971413796398477
CDH13	4	-2.030561851383088
CDH3	3	-4.211356114930722
CDH7	3	-3.4988538883014932
CDH8	2	-2.4850967431344997
CDHR4	2	-2.1699438096312313
CDK15	5	-2.201396574973216
CDK5R1	3	-3.3411102016877554
CDKN1A	4	-3.906394534514922
CDKN2B	4	-3.90107896830966
CDKN2C	3	-2.1688545361326064
CDO1	3	-3.6399856627351763
CDRT15	3	-2.308587261893999
CEACAM16	4	-2.190846631385566
CEACAM21	3	-8.350618146311573
CEACAM8	3	-2.428758446474892
CEBPB	4	-2.537132417318175
CELF6	3	-6.3498164416172465
CELSR1	1	-2.057446094435326
CENPF	2	-2.028690128706987
CENPS-CORT	2	-4.427369134765615
CENPVL2	3	-2.3381040538034457
CEP126	3	-2.4360924577549947
CFAP126	3	-4.105415675142025
CFAP161	3	-2.9417255561954287
CFAP206	3	-2.771557384528781
CFAP221	3	-4.472880624834712
CFAP43	3	-4.421546886141428
CFAP46	3	-3.899673295163658
CFAP65	3	-4.516839726755636
CFAP70	3	-4.2838048440151155
CFAP99	3	-4.9703531202000795
CFHR4	3	-2.5603161537708177
CGNL1	3	-6.015582154025773
CGREF1	3	-3.6046089086637303
CHAD	3	-2.2127700493116325
CHDH	3	-4.8247318065465805
CHIA	3	-2.673724544721776
CHIT1	3	-6.48095722541555
CHP2	3	-3.266973716655544
CHRDL1	3	-3.326833112639619
CHRM2	2	-3.744439013859184
CHRM5	3	-3.4125788701848094
CHRNA6	3	-3.0188634823113687
CHRNA9	4	-3.446780325292247
CHRNB2	3	-5.595011603517308
CHRND	3	-2.798577245969252
CHST1	3	-4.385106905115366
CHST5	3	-3.712886161243623
CHST9	3	-7.346418682453144
CHSY3	4	-2.337385103145721
CIDEB	3	-5.612476976897657
CLCF1	4	-3.9508771370814975
CLDN1	4	-2.681498634450008
CLDN10	3	-3.2498953888835307
CLDN2	4	-2.553210577775989
CLDN5	3	-6.644751319585888
CLDN6	4	-2.456012275143587
CLEC11A	4	-2.3223091097001234
CLEC18C	3	-2.2515940424997423
CLEC2A	3	-2.419786598811678
CLEC4D	3	-2.1890097792879892
CLEC5A	3	-5.415444642633164
CLEC7A	3	-7.065068917349804
CLIC3	2	-2.382358841243413
CLIC5	3	-7.182273929523593
CLNK	3	-5.027687193325399
CLU	3	-5.773474827862089
CMA1	2	-2.110445090605428
CMC4	1	-2.2205290104111874
CMKLR1	3	-3.528353234829026
CMPK2	3	-2.1130481173772258
CMTM5	3	-5.335995409490673
CNBD1	3	-2.4976778737891827
CNFN	2	-3.111782271463344
CNGA1	3	-2.2659413451767874
CNGA3	3	-4.228468383039766
CNKSR2	3	-5.120705831467249
CNPY1	5	-2.25902693593674
CNTFR	3	-4.895587658738452
CNTN1	3	-5.797357681796779
CNTN2	3	-4.707249063271705
CNTN5	3	-5.454797957299324
CNTNAP5	3	-4.02812265513185
COBL	3	-6.037081176473525
COBLL1	3	-2.3063116355289104
COCH	2	-3.131424538920685
COL11A1	2	-2.11808020666553
COL15A1	4	-4.007639592859697
COL1A2	4	-4.2890727905103825
COL20A1	3	-3.7644806023267994
COL24A1	4	-2.7444034205101406
COL3A1	4	-4.028459826075641
COL4A6	1	-3.0073727919351154
COL6A3	4	-4.552485997360997
COL7A1	4	-2.3732415504430495
COL9A1	3	-4.814069252568827
COL9A2	3	-5.5041781770729905
COLEC10	4	-2.9664827796334534
CORO1A	3	-5.0567423643955
CORO2A	4	-2.090648419779341
CORO2B	4	-2.6202281328273926
COX8C	2	-2.2605392720692703
CPNE5	3	-4.434032522794176
CPNE7	2	-2.2338975482289882
CPPED1	4	-2.686390773346922
CPSF4L	5	-2.1195062714809154
CPT1A	4	-2.91721099146369
CPXM1	3	-3.376915136689149
CPXM2	3	-3.9713262809580474
CRABP1	2	-2.6236135192072463
CRB1	3	-3.9640099133590105
CRIP3	3	-5.519505340653214
CRISPLD2	4	-3.0894433280866376
CRYAB	3	-3.4658820377129693
CRYGD	3	-4.473041993632379
CSF2RA	3	-7.947198963057408
CSF2RB	3	-7.978927249041808
CSF3R	3	-7.971170415923055
CSMD1	3	-4.836186876903658
CSMD2	3	-2.9838261468484726
CSPG5	3	-5.589054762659263
CSRNP3	3	-5.0598472206572325
CST5	2	-2.177271377583118
CT45A1	3	-2.673568131477037
CTAGE15	2	-2.228758529023219
CTLA4	3	-4.707978168819815
CTNNA3	3	-4.722265388805077
CTSB	4	-3.7953760807585897
CTSK	4	-2.484029647587997
CTSS	3	-6.704173100160568
CTU1	2	-2.6073672817575964
CUZD1	2	-2.5617239837650763
CX3CR1	3	-7.245461837992716
CXCL13	3	-2.0749035168278924
CXCL8	4	-3.5657048219436795
CXCR1	3	-5.279558705195294
CXCR2	3	-7.34987563194541
CXCR5	2	-2.624194823137217
CXorf21	3	-8.192437702363843
CXorf65	5	-2.1299628425290935
CYP11A1	3	-2.086352974935536
CYP17A1	3	-2.5304968929977782
CYP21A2	3	-3.11006774888325
CYP27B1	2	-2.408817032151146
CYP2A6	3	-3.34769016193641
CYP2A7	3	-2.8881983055818594
CYP2C8	3	-4.757303239614936
CYP2J2	3	-4.841538184781923
CYP3A43	2	-3.4155939554766865
CYP3A5	3	-2.669017895833605
CYYR1	3	-4.343096230531754
DAB1	3	-3.3978474633168267
DACT2	3	-3.081604044107709
DAPL1	3	-3.623698776574609
DBX2	3	-3.472634719699025
DCAF12L1	2	-2.033977579657879
DCLK2	3	-4.589169335096175
DCLK3	3	-2.545852474569597
DCST1	2	-2.1655945663478953
DCT	3	-5.885943096540156
DDB2	5	-2.4549559781895147
DDTL	2	-2.005869221031282
DDX25	3	-6.2340967944504175
DEF6	3	-5.985169539630552
DEFA1	3	-2.4846832269694006
DEFB1	3	-2.1984661976861344
DEFB134	2	-2.135305717291254
DENND2D	3	-4.430770388496982
DENND3	3	-4.703920701465359
DERL3	3	-2.9107832657327366
DGKK	3	-3.353086897360934
DIO2	3	-2.1175653876029665
DLC1	4	-2.7207644989169575
DLEU7	3	-6.46613966240655
DLG2	3	-3.062578446483025
DLGAP1	3	-2.610006740544664
DLK1	4	-2.385825489470297
DLK2	3	-2.4784852158336728
DLL4	3	-4.696889054470106
DMBT1	3	-3.6273162101749756
DMD	3	-2.35417137844415
DMRT1	4	-2.7858536257470243
DMRT2	3	-2.054800448578533
DMRT3	4	-2.596289083073984
DMRTA1	3	-2.105710090000267
DNAH12	3	-2.5593624120967187
DNAH6	3	-4.181293011677582
DNAH7	3	-5.095083566976122
DNAJC5B	3	-3.1372210170209605
DNASE2B	3	-3.9459762401910994
DNER	3	-5.576239201351277
DNTT	2	-2.856731708374539
DOC2A	2	-4.619158563152596
DOC2B	3	-5.212825189913801
DOCK8	3	-7.529919579759768
DOK3	3	-3.643474474694389
DPEP3	3	-5.816800466259809
DPF1	3	-2.6102957236434126
DPY19L2	3	-2.6958952324868144
DPYD	4	-4.479418852933893
DPYSL5	3	-4.022142892021995
DSC1	2	-2.017924391926287
DSG3	4	-3.4862291565374983
DTNA	3	-5.7478209995000356
DUOX2	2	-2.0380583169557998
DUSP1	4	-2.5793721296708756
DUSP15	3	-4.47646581517731
DUSP26	3	-5.45699098086809
DYNLRB2	3	-4.060426095251024
DYSF	4	-2.496893026966361
EAF2	3	-2.1189002080898236
EBF2	4	-3.311581712343736
ECEL1	3	-2.1842619367921503
ECHDC2	3	-2.520713366292075
EDA	3	-5.212364463015473
EDDM13	3	-2.8866430394658344
EDN2	4	-2.7476140887475147
EEF1A2	3	-3.34440162919172
EFCAB10	3	-4.954192791423941
EFCAB6	3	-4.236846255475637
EFCC1	3	-3.8595866986286342
EFHB	3	-3.0626797990552728
EFNA2	3	-2.0975719695259505
EFNA3	2	-3.1290428606368215
EFNB2	4	-4.185250972610069
EGFLAM	3	-2.7615671410432254
EHF	3	-4.212573797097091
ELAVL3	3	-3.8209143623360515
ELAVL4	3	-4.613519572343046
ELF4	4	-2.4395341895645606
ELL2	4	-2.0533470498327797
ELL3	5	-2.417690170219662
ELMOD1	3	-3.8255011628985325
EMB	3	-2.6365347392351097
EMCN	3	-4.186219219391379
EMID1	3	-5.522380208284997
EMILIN2	4	-2.448952816442258
EML6	3	-4.865643380855687
ENPP3	3	-4.829524236718903
ENPP7	3	-2.4997029748834563
ENTHD1	4	-3.1552437077940847
ENTPD2	3	-3.7062379071688594
EOMES	3	-2.085144659110952
EPGN	2	-2.3745787674435705
EPHA5	2	-2.756869418182349
EPHX4	3	-4.954793147384952
ERBB3	3	-3.864124791400269
ERC2	3	-5.171517585063612
EREG	4	-2.7394003705830143
ERICH4	3	-2.1625300708960826
ERICH5	2	-3.15203969773863
ERICH6B	3	-2.786115958918371
ERP27	3	-4.910103320207797
ERRFI1	4	-2.2100174583774415
ERVMER34-1	3	-2.789183150620447
ESAM	3	-3.521927151039868
ESPN	4	-2.5271386443494714
ESRRG	3	-6.814510301083384
ETS2	3	-4.159103565915213
ETV1	3	-3.7973510706075158
ETV7	4	-2.19724232391829
EVA1A	4	-2.3343817719981677
EVI2B	3	-7.645107602212748
EVX1	3	-2.402769345909092
EXO1	2	-2.1676570874399066
EYA1	3	-2.1274897312488594
F10	2	-2.228196394912211
F2R	1	-4.350837791283224
FABP4	4	-3.333595404387716
FAIM2	3	-5.666062724094235
FAM110C	3	-2.547242989210261
FAM131B	3	-3.275904177197481
FAM133A	3	-3.833673514105252
FAM149A	3	-3.812332396741182
FAM155A	3	-2.684778918439212
FAM155B	3	-5.084554838887436
FAM159B	2	-2.540040899848393
FAM160A1	2	-2.3342749301700034
FAM167A	3	-4.951388737276289
FAM169A	3	-4.320743906019661
FAM181B	3	-4.190390172297184
FAM184B	3	-3.565588579805537
FAM189A1	3	-2.376401884705015
FAM19A1	3	-3.7895896813960404
FAM19A2	3	-4.518003153411039
FAM19A5	3	-3.34753527529895
FAM209A	2	-2.1408725994195392
FAM209B	4	-2.06318797409728
FAM20C	4	-2.8987549600704363
FAM212A	2	-2.7965789995450394
FAM230A	4	-2.2670412919112017
FAM240A	3	-2.735125356170152
FAM24B	2	-2.951717221613622
FAM26D	5	-2.1637851564833253
FAM3B	3	-5.0322108102899135
FAM3D	4	-2.8188604076583137
FAM43A	4	-2.6925025336443857
FAM47E-STBD1	3	-2.510165944337123
FAM53A	2	-2.819349669991388
FAM69C	3	-6.089893251411049
FAM72B	2	-2.2561924862627234
FAM72C	2	-3.112356624937258
FAM83B	4	-2.3268578751847024
FAM84B	3	-2.9873178873782047
FAR2	4	-2.5474033838310683
FAT2	2	-2.512544353760569
FBN3	3	-3.457058533285388
FBXO17	2	-2.045770214124606
FBXO27	3	-3.9976108927828884
FBXW4	3	-2.211177780494454
FCAR	3	-6.229198479539092
FCER1G	3	-6.954843567301431
FCGR1A	3	-7.788112220959852
FCGR1B	3	-8.099376955383798
FCGR3B	3	-6.257546931147114
FCMR	3	-5.95354965796773
FCN2	3	-2.0247615243345685
FCRL3	3	-2.415097130163251
FCRL6	3	-2.2083933370416333
FCRLA	4	-2.4396871065491994
FES	3	-3.3700366366216254
FETUB	3	-3.7659109792463172
FEV	2	-2.4670073792417133
FFAR1	3	-3.0687271466011152
FFAR4	3	-8.401286485983832
FGD2	3	-7.431296193428092
FGD3	3	-6.622094618683835
FGD5	3	-4.437900272096984
FGF1	3	-2.258617910419279
FGF21	2	-2.4164515646841673
FGF22	5	-2.495290390272325
FGF8	2	-2.8350280198419955
FGL1	3	-6.20817120908331
FGR	3	-6.698401266902612
FHAD1	3	-4.439053904941118
FHL2	4	-4.012014594388343
FHL5	3	-6.947767412616799
FIBCD1	3	-2.083389230906875
FILIP1	3	-4.650239382760933
FILIP1L	4	-3.2052751868868636
FKBP10	1	-3.904914687290538
FLG	2	-2.339977727288796
FLI1	3	-4.859703117740154
FLRT1	3	-5.8508496055431145
FLT1	3	-5.915451581269034
FLT3	3	-7.092313415025604
FMNL1	3	-5.6841602509801
FMO5	3	-3.4192011512454368
FMOD	4	-2.2931550324844125
FNDC11	4	-2.293851582729442
FNDC5	3	-3.7026704319692474
FOLH1	3	-4.002200114102243
FOLR2	3	-7.7631607023292375
FOSL2	4	-3.6079136793767685
FOXD4	3	-2.6183572579719088
FOXF1	3	-5.253652825501139
FOXL2	3	-3.06185270532567
FOXL2NB	3	-6.083057760891293
FOXO6	2	-3.5481432280087746
FRAS1	3	-2.357251894005036
FRG2B	2	-2.500735137038347
FRG2C	2	-2.624223722630239
FRK	3	-2.053684748903065
FRMD4B	3	-4.003964400884557
FRMPD1	3	-5.209757259215878
FRMPD4	3	-2.212639862689378
FRRS1L	3	-2.9585940446838515
FRZB	3	-3.9360818889893068
FSD1L	3	-3.6476935255923117
FSIP2	3	-2.2815629021204353
FTCDNL1	3	-5.481368751723285
FUT4	3	-2.937867940972902
FXYD1	3	-4.408689667635142
FXYD3	3	-4.234783701334484
FXYD5	4	-2.054930141880731
FYB1	3	-7.8273678892457585
FZD10	3	-5.193506972660703
GAB3	3	-3.802418706780411
GABBR1	3	-3.8890276657859917
GABRA2	3	-3.4693163426436593
GABRB1	3	-2.5351774324509755
GABRB3	3	-2.6236076692054864
GABRQ	3	-2.7014457174726876
GADD45A	4	-3.024336645585747
GADD45B	4	-2.6850041895453227
GAL3ST1	3	-4.899479720885906
GAL3ST3	3	-5.543339215547157
GAPT	3	-7.766122459545684
GAS2	3	-2.893418466942127
GAS7	3	-3.3140350018438123
GATA2	3	-2.6154447714494684
GATA3	3	-3.4232292956682953
GBP2	4	-3.665241024461526
GBP7	3	-2.3131830982524777
GC	2	-2.3162685920484734
GCKR	3	-2.2742790839305798
GCNT1	4	-3.4369373086554456
GCSAM	3	-4.415913351277877
GDAP1L1	3	-5.4052131548981945
GDF10	3	-4.617814357389485
GDF3	2	-2.1396410209261263
GFAP	3	-5.787260998019603
GFI1	4	-2.82090622478036
GFI1B	3	-4.018352701690184
GFRA1	3	-2.5761733092871526
GGACT	1	-2.566920850511961
GHRH	3	-2.0508192315112743
GHRHR	3	-3.689884282144209
GIMAP4	3	-8.150088918377856
GIMAP6	3	-8.317555291651992
GIMAP8	3	-7.832493815989597
GIPC2	3	-2.8684164123343714
GJA10	2	-3.090506014226245
GJA4	3	-5.214820884704202
GJA5	3	-4.533748420025193
GJB1	3	-4.126467760854266
GJC3	3	-3.503770003028176
GJD4	2	-2.4501700551607084
GLIPR1	4	-3.635048737594903
GLIPR1L2	3	-6.080483474993441
GLRA2	3	-3.2534014957413553
GLRB	3	-2.253080573266676
GLYATL1	3	-4.107634612983491
GLYATL2	3	-3.160712875040526
GNA15	3	-6.5835891793667365
GNAI1	2	-2.033255790663962
GNG3	3	-4.494637706025235
GNLY	3	-5.733772688014161
GOLGA6D	3	-2.0959505688198017
GOLGA6L2	2	-3.1082431406817257
GOLGA8T	2	-2.207937607501178
GP5	3	-2.7647193323373793
GPC1	1	-3.590265193319496
GPC4	1	-3.4751988493549946
GPD1	3	-5.200911652238351
GPER1	3	-3.838516810986835
GPM6B	3	-4.420304493217897
GPR1	4	-2.0832195138246545
GPR119	2	-2.186609468541252
GPR12	3	-3.4511686127045507
GPR15	3	-2.459149715835537
GPR151	3	-3.732440034696616
GPR153	1	-2.057421369041122
GPR155	3	-2.8408177894752527
GPR158	3	-2.7795514231344485
GPR183	3	-5.380000195887034
GPR19	3	-4.248950462297636
GPR20	4	-2.702148426781019
GPR21	5	-2.550221689709083
GPR27	3	-3.223424872216421
GPR3	4	-3.1413079183857144
GPR37	3	-3.680493890460137
GPR37L1	3	-5.130516948599186
GPR4	3	-4.871449351289299
GPR45	3	-5.262109477568761
GPR65	3	-6.7446742338661405
GPR85	3	-5.410178316266735
GPRC5D	2	-2.084834272325617
GPRIN1	3	-2.1798332106558016
GPX8	4	-2.769168148736926
GRAMD2B	3	-2.1721488993400655
GREB1	3	-5.928343356433122
GRIA2	3	-4.612865864883456
GRID1	3	-4.527956903991035
GRID2	3	-5.0223530746689375
GRIK1	3	-2.7985413758040045
GRIK2	3	-4.175562183531845
GRIK3	3	-4.069558258993286
GRIK4	3	-5.279756612845065
GRIN2A	3	-2.166803012926593
GRIN3B	2	-2.0542183094458246
GRM3	3	-6.413464394141324
GRM7	3	-4.604623390179808
GRM8	3	-4.970920733347039
GRPR	4	-2.566230783041102
GSC	4	-4.492041241624932
GSDMA	3	-5.649876634792489
GSG1L	3	-4.288536654846011
GSTO2	3	-2.218031686889292
GTF2A1L	3	-3.153491841623618
GTSF1L	4	-2.5670832677696747
GUCY1A2	3	-5.640010784779106
GUCY1A3	3	-6.452429946085926
GUCY2C	3	-2.4013028155934304
GVQW2	3	-2.6795847042136294
GZMA	3	-4.703951093678542
GZMB	3	-2.7683933820333815
GZMM	4	-2.087297586619188
H1FOO	2	-2.7908234299468213
HAAO	3	-4.7142680001340755
HACD4	3	-3.4762158056408268
HAPLN1	3	-3.0338437951584782
HAPLN3	1	-2.061434376958592
HAVCR2	3	-7.034966731389673
HBA1	3	-5.853273295968227
HBA2	3	-5.815792810560158
HBG1	3	-2.0308621480215354
HBZ	2	-2.2153264718860486
HCAR2	3	-2.912452834973891
HCAR3	3	-2.459478060387717
HCK	3	-7.7774774101515405
HCRT	2	-2.376030648983707
HDC	3	-2.780403980884338
HEATR4	3	-4.1936818893463155
HEMGN	3	-4.546617890757951
HES2	4	-3.279275320293563
HES4	2	-4.369233203929025
HGD	5	-2.488142928773387
HHEX	3	-4.070052308072001
HHIP	2	-3.082525345799547
HIC1	4	-2.3454461500778025
HID1	3	-3.4974253506310355
HIGD1B	3	-6.799354644928945
HIST1H2AK	2	-3.3847447170109133
HIST1H2BF	2	-2.056769883964887
HIST1H3A	4	-2.5235190558444045
HIST1H4F	4	-2.9146523381826026
HIST2H2BF	2	-4.34857551683199
HIST2H3C	2	-2.706156496859841
HIST2H3PS2	2	-2.3693885347770602
HIST3H3	2	-2.9271313075500913
HIVEP3	4	-2.642307639908775
HKDC1	4	-2.542602794610997
HLA-B	4	-2.6354131588442655
HLA-C	4	-3.1632122503527857
HLA-DOA	3	-6.359956813235094
HLA-DOB	2	-2.4282659899095904
HLA-DPA1	3	-5.7035895315610325
HLA-DPB1	3	-5.809859489120685
HLA-DQA1	3	-5.701179201335148
HLA-DQB2	3	-4.176474766256042
HLA-DRA	3	-6.346041152166934
HLA-DRB1	3	-5.887306581544229
HLA-G	4	-2.3015697260401136
HMGN5	2	-5.109901229184271
HMX3	4	-2.396158684006481
HNRNPUL2-BSCL2	3	-2.2508510334747553
HORMAD2	3	-3.00171266502553
HOXA4	2	-2.0240007590831732
HOXB5	5	-2.2717134403120305
HPGD	3	-6.132383011215856
HPGDS	3	-8.37267844487305
HPX	2	-2.219462595126049
HRASLS	3	-2.751148743401278
HRASLS5	3	-6.316031837628996
HS6ST2	3	-3.1159010328652323
HS6ST3	3	-4.713775420318895
HSD11B2	3	-2.1054208337192937
HSD17B6	3	-2.2716783159568847
HSF5	3	-2.8344620036897736
HSFX3	3	-2.029212907765256
HSPA12A	3	-3.1304141940076784
HSPA12B	3	-5.865022045419608
HSPA6	4	-3.2243141175009686
HSPB3	2	-3.8069658024636475
HSPB6	2	-2.848996006625074
HSPB7	2	-3.2973491256203924
HTATIP2	4	-2.789437581723765
HTR2A	3	-3.2827172164624314
HTR7	3	-2.1013419730989344
HYDIN	3	-6.272025739170513
ICAM2	3	-5.094178570895096
ICAM3	4	-2.988446353762625
ICAM5	5	-3.230793274942706
ICOSLG	3	-4.284896567170019
ID2	3	-3.41004074500166
IDI2	4	-2.534821823819856
IER3	4	-2.9036409600153084
IFITM1	4	-2.226072731689025
IFNA6	5	-2.108116778195808
IFNLR1	3	-6.199759045604967
IGF2BP3	1	-2.013805503225545
IGFN1	2	-4.896575314948178
IGLON5	3	-4.245870053624291
IGSF1	3	-4.166519170239423
IGSF5	3	-5.29310265247966
IGSF6	3	-7.7967540209844595
IGSF9B	3	-3.6959827226546786
IKZF1	3	-7.547037760860958
IL10RA	3	-7.2984126054772345
IL13	2	-2.470858560748314
IL15	4	-2.543454133433534
IL15RA	4	-2.1589101348715025
IL17RB	3	-5.544278839408949
IL18	3	-6.9834586455028695
IL18R1	3	-5.51371387618281
IL1RAPL1	3	-2.979515739654472
IL1RAPL2	2	-2.0689992352708377
IL1RN	3	-3.5905767661882897
IL20RA	3	-3.6669374009670315
IL23A	1	-2.2719424110494586
IL27	3	-2.923547005904011
IL31RA	4	-3.087388270167105
IL3RA	3	-5.400675373415771
IL9R	3	-2.7404226386374235
ILDR1	3	-2.5332020771223114
ILDR2	3	-5.252497925906549
IMPG1	3	-2.6676102052798742
INAFM1	4	-3.1622357382195956
INHBB	3	-5.849420605300481
INHBC	3	-2.0122932855651454
INMT-MINDY4	5	-2.3206025770023793
INPP5D	3	-7.103775255217516
INSL5	3	-2.4803641724084913
INSM1	3	-2.9254346384895245
INSRR	2	-2.79828445564681
IQCA1	3	-4.010432270296428
IQCA1L	2	-2.9857363490371736
IQCF1	2	-2.192953260206645
IQUB	3	-3.7643727204590167
IRAK2	4	-2.9488141963923877
IRAK3	3	-5.299738991197721
IRF1	4	-2.4555775327917937
ISG15	2	-2.7777378862975692
ISG20	4	-3.0849586693985565
ITGAM	3	-7.121472098829202
ITGAX	3	-6.936362837080007
ITGB4	3	-6.75130518928463
ITIH2	3	-8.217481225136153
ITIH5	3	-2.9020199048953605
ITPRIPL1	1	-2.3826561977661695
IZUMO4	3	-3.5403823717227447
JAG1	1	-2.7039576968391716
JPH2	2	-2.6641340325009866
JPH4	3	-3.7983433548609438
KCNA2	3	-5.316624528671109
KCNA3	3	-6.693965697492135
KCNA4	3	-2.4132919211071076
KCNA7	2	-2.3859265132468876
KCNAB1	3	-4.527109022143586
KCND2	3	-4.594209190409518
KCND3	3	-3.711951316479282
KCNE1	4	-2.587150300195584
KCNE2	3	-4.1090714712873515
KCNE3	3	-4.949744945998653
KCNE4	4	-3.975896579762257
KCNE5	3	-3.398556778196987
KCNH5	3	-3.5051333009425654
KCNIP4	3	-3.9024567867455007
KCNJ15	4	-2.076059686341374
KCNJ16	3	-3.9812406917439573
KCNJ4	2	-2.335925629536513
KCNK1	3	-3.8328495213318012
KCNK10	3	-5.104189423109506
KCNK2	2	-3.101773840008024
KCNK5	3	-4.0194900742913635
KCNK9	3	-3.4758926488319326
KCNMA1	3	-3.8290463893077153
KCNMB2	3	-3.537493437065469
KCNMB4	3	-5.171786015288503
KCNN3	3	-5.256858021063377
KCNQ2	3	-4.655548791242379
KCNQ5	3	-3.0175096542374367
KCTD8	3	-3.75538116539166
KDR	3	-5.80913091447803
KHDC1L	3	-3.757515389051202
KIAA0040	3	-3.9402675669491902
KIAA0408	3	-3.5646628942228
KIAA1161	3	-4.28569419007449
KIAA1211	3	-4.354746243317087
KIAA1211L	3	-5.419764092363998
KIAA1217	4	-3.5317460802953233
KIAA1456	3	-2.547363267384769
KIAA1755	3	-3.5887219287316974
KIDINS220	3	-3.928413802839009
KIF18B	2	-2.6596966326334295
KIF21A	3	-3.7879637651845033
KIF26A	3	-2.705871007003492
KIF26B	3	-2.8878805135391623
KIF5C	3	-4.599916611721315
KIRREL3	2	-2.7177524831800275
KL	3	-3.758184933131572
KLF1	3	-2.671068242719316
KLF8	3	-3.949369749962323
KLHDC7A	3	-2.7370320676354485
KLHDC9	3	-3.7984097704435444
KLHL26	3	-2.258799686867319
KLHL30	2	-2.7093732082941626
KLHL35	2	-3.8825093215215496
KLHL4	3	-3.2143088004774585
KLHL6	3	-7.338141370902727
KLK2	3	-2.183555019992567
KLRC3	3	-5.453986896644873
KLRC4	3	-3.9571953982294117
KLRC4-KLRK1	3	-4.761916711351869
KLRD1	3	-3.4996460417343744
KLRF1	3	-3.129672088702958
KMO	3	-5.192951682362216
KNDC1	3	-4.61674696775676
KPRP	3	-2.214621779373669
KRT12	3	-2.140453581383337
KRT222	3	-4.05053597129973
KRT23	3	-2.711158548703304
KRT83	3	-4.947363161120975
KRTAP1-1	2	-2.0414447578535766
KRTAP2-2	2	-2.1388558832864564
L34079.1	2	-2.016195408920795
L3MBTL4	3	-2.7661867388953936
LAD1	4	-2.306903938349867
LAIR1	3	-7.541840743467897
LAIR2	3	-2.67954518747423
LAMB3	4	-4.217432184873548
LAMB4	3	-3.883150426106947
LCK	3	-5.283602426769027
LCN6	3	-2.751452257499243
LCN9	3	-2.8439468965271884
LCP1	3	-6.5210101445936814
LCP2	3	-7.151889009087419
LCTL	4	-4.170596932513341
LDB2	2	-2.4765905082182367
LDB3	2	-3.297247093566818
LDLRAD4	3	-6.247787662904856
LEMD1	3	-2.6690670716254705
LFNG	3	-3.2470823180311914
LGALS12	3	-2.6208208346533755
LGALS7B	4	-3.6182135055743347
LGALS9	3	-5.77677475578553
LGI1	3	-4.290956928443213
LGSN	3	-2.3860065630966214
LHB	2	-3.472978841752619
LHCGR	3	-3.580107388081421
LHPP	3	-2.069407106202999
LHX4	2	-2.479516106728117
LHX5	2	-2.378140029254258
LHX9	3	-2.069777288431967
LILRA1	3	-8.824245055008474
LILRA2	3	-8.447890529528573
LILRA4	3	-6.186332166435306
LILRB1	3	-7.528339664924473
LILRB3	3	-6.1239263609874115
LIMCH1	3	-4.493220834169147
LIME1	2	-2.036089716012142
LIMS2	2	-2.9758449095621073
LINC00675	3	-4.308970903629496
LINC00959	3	-2.1467874497662893
LINGO4	3	-5.20783459235955
LIPC	3	-2.775728428895806
LIPJ	3	-2.7164495571877136
LIPN	3	-2.4015117411324574
LIX1	3	-5.746476954136366
LMNTD1	3	-4.182284870504538
LMO1	3	-2.592954767176973
LMO3	3	-5.686428135654425
LMOD2	3	-2.0446601866046037
LONRF2	3	-3.7780601906127678
LOR	3	-2.71801435399428
LPCAT2	3	-2.6832053696634124
LRFN1	3	-2.2099996131929833
LRFN2	3	-5.926873086810367
LRFN5	3	-3.3588150096654474
LRRC15	4	-4.448439809504389
LRRC25	3	-6.947172383055436
LRRC32	4	-2.1908365711916415
LRRC34	3	-3.8996856449719735
LRRC36	3	-3.271194906751585
LRRC37A	5	-2.3089285027222424
LRRC3B	3	-5.709425179303413
LRRC4	3	-6.258344477409805
LRRC4B	3	-4.906705469032919
LRRC4C	3	-4.806871499056076
LRRC6	3	-2.9693235548269685
LRRC61	3	-3.628218630364814
LRRC71	2	-2.203113930109213
LRRC74A	3	-3.490266043621133
LRRIQ3	3	-3.8927221705187978
LSAMP	3	-5.385513234943841
LSMEM2	2	-2.4559578062613685
LSR	3	-3.571624414606136
LTB	3	-5.161047295404595
LTBR	4	-2.919496730382945
LUM	4	-3.4509945600502694
LY6G5B	5	-2.3257374942114457
LY75	3	-4.786333505059593
LY75-CD302	4	-2.1375420847864275
LY86	3	-8.356184497513592
LY9	3	-5.224418304455596
LYL1	3	-5.986194619730155
LYNX1	3	-2.808219984476795
LYPD6	3	-2.2340846727167114
LYPD6B	2	-4.415727303400731
LZTS1	4	-3.902479868490985
MAATS1	3	-3.890190348667934
MACROD2	3	-3.4946824386878865
MAFF	4	-2.5850112294867857
MAGEC3	3	-3.3966677753843513
MAGEE2	3	-2.560334068554726
MAK	3	-4.26078365197853
MANEAL	3	-5.273905292910202
MAOA	3	-4.511932447189505
MAP1LC3C	4	-2.2503676110686284
MAP3K19	3	-3.9872032803991737
MAP3K21	2	-3.2744403767868384
MAP3K5	3	-3.495848440854445
MAP3K7CL	4	-2.1795773552297217
MAP3K8	4	-2.7583639468745655
MAPK15	2	-3.3858979528834463
MARCH10	3	-4.024446222882615
MARCH3	3	-4.69755788147192
MATK	3	-6.642558301946199
MATN3	3	-2.5747678406459515
MBD3L2B	5	-2.0054711716706546
MC4R	2	-2.171066528914166
MC5R	4	-3.042523804130806
MCM2	1	-2.2975426499365224
MCOLN2	3	-2.6502436613478575
MDFIC	1	-2.154771313122018
MDGA2	3	-2.8391976403900534
MDH1B	3	-4.666844242191812
MDS2	2	-2.835032693681691
MECOM	3	-5.639297285687985
MED12L	3	-4.049980041336304
MEF2B	2	-2.255776107101159
MEGF11	3	-3.490679818082755
MEGF6	2	-3.8893393964374425
MEI4	3	-3.4571617378305324
MEIOB	2	-2.624606900325465
MEOX1	4	-2.67638921880675
MERTK	3	-5.609765381424092
METRN	3	-2.1072693147886636
METTL21C	2	-2.999370361354392
METTL24	3	-7.860611189964681
MFAP3L	3	-3.250992953699322
MFSD7	3	-4.0545290628268225
MGAM	3	-2.6143734322733394
MGAT3	3	-2.7579217124097064
MGAT5B	3	-3.125470712477459
MILR1	3	-4.798641630240571
MISP3	3	-2.9467339028986523
MIXL1	3	-2.689089012776517
MLANA	3	-2.3985995728314697
MLNR	3	-2.2659421543780187
MLPH	4	-2.084601718039849
MMD2	3	-5.300244681662817
MMP16	1	-2.191746636800268
MMP24	3	-3.9539128545692726
MMP25	3	-5.091730068715339
MMRN2	3	-5.9964587420773885
MNDA	3	-7.9592528134772165
MNX1	5	-2.2165527117889927
MOG	3	-5.052843671039886
MOGAT1	3	-2.655721327055517
MORN3	3	-3.786772022206428
MORN5	3	-5.748863735790813
MPIG6B	3	-4.19059673448924
MPL	3	-3.8974378730108787
MPO	3	-5.781067340474636
MPPED2	3	-4.939985237188544
MPV17L	3	-4.3468813193355125
MRAP2	4	-3.128340112091091
MRO	3	-6.89010326525315
MRVI1	2	-2.023814929710854
MS4A4A	3	-7.611243166641116
MS4A6A	3	-7.6827476864555555
MS4A7	3	-8.014886085834528
MSC	4	-2.338017275235452
MSI1	3	-3.041509195779873
MT-CYB	2	-6.246224789821355
MT-ND4	2	-6.564466827964492
MT1A	3	-2.5968989604598685
MT1E	3	-3.706272196226768
MT1H	3	-3.0175178718477182
MT1M	3	-5.893399070982711
MT1X	3	-2.7110042794207985
MTNR1A	2	-3.0705409865902125
MTSS1	3	-3.8008089546644728
MUC12	3	-2.165690858177761
MUM1L1	3	-2.378253812298826
MYB	2	-2.1220586636779277
MYBPC1	3	-6.191094663846627
MYBPC2	4	-2.2404109156459855
MYBPH	3	-3.0648928994789033
MYCT1	3	-5.9028406531307285
MYF5	2	-2.215424043313787
MYH7	3	-5.528967542605411
MYL2	4	-2.5373088909581063
MYL3	3	-3.551453493220977
MYL7	2	-3.279447807613213
MYLK2	3	-4.051567745643238
MYLPF	2	-2.7314505024049747
MYO18B	2	-2.4918859190719647
MYO1B	1	-2.8202043872240616
MYO1F	3	-6.83408344275694
MYO5B	4	-3.664828546014629
MYO7A	3	-5.982402763736536
MYOC	3	-2.344975714680502
MYOF	4	-3.5689590949596983
MYOM1	3	-2.537297688414258
MYOZ1	3	-3.986964082394946
MYRFL	3	-4.0695526050053985
MYRIP	3	-6.024758036246586
MYT1	3	-3.89457211084824
MYZAP	3	-4.2516107973075785
NAALADL1	3	-3.539187976919481
NAGS	4	-2.3503697579428593
NALCN	3	-2.649611896990222
NAP1L2	3	-3.9445833593262893
NAP1L3	3	-3.7819327437172374
NAT1	4	-4.236108022632432
NAV3	2	-2.8238249639287587
NBEA	3	-3.2577797422880677
NBPF6	2	-2.4120785235402473
NCAM2	3	-3.9810752012632777
NCAN	3	-4.605141153011958
NCF1	3	-6.695778914553269
NCF2	3	-6.206704671863084
NCF4	3	-8.095614947830187
NCKAP1L	3	-7.499504214331671
NDN	1	-3.3245556399512544
NDNF	3	-2.3963670243427084
NDST4	2	-2.6385467620906637
NEBL	3	-6.567454961139614
NECTIN4	4	-2.218232180213592
NEFM	2	-2.276706868124593
NEK10	4	-3.0244198942704
NEK5	3	-4.310634926902186
NEK6	4	-3.3158219536016684
NELL2	3	-4.523295219567409
NETO1	3	-4.547130681795269
NEUROD4	3	-2.1237251859275568
NEXMIF	3	-4.938599461486734
NEXN	2	-3.0472737305123023
NFAM1	3	-6.637095268303348
NFATC2	3	-3.9765014433813923
NFE2	3	-2.6852274650871157
NGEF	3	-3.14205893804093
NHS	4	-2.2927052049925627
NHSL2	5	-2.263442146972752
NID1	1	-2.2438940799171947
NIPAL2	3	-2.5015801565811553
NIPAL4	2	-2.2099297581788653
NKAPL	3	-3.7953238527268702
NKX2-2	3	-2.074134612995225
NKX2-5	5	-2.3256772084230537
NKX6-1	1	-2.080670992236058
NLGN3	3	-5.356978735984021
NLGN4X	3	-4.8541987816084164
NLRC4	3	-7.710327217699993
NLRP14	3	-3.2639640954720406
NLRP2	3	-2.7580047113186033
NLRP3	3	-7.086281782165916
NMBR	3	-3.5996775296249646
NME5	3	-2.535179560591436
NMNAT3	3	-3.030293419411587
NMUR2	3	-2.66089798947662
NNAT	3	-3.1999943534149
NODAL	3	-5.074473714054008
NOL3	2	-2.0319213891655625
NOL4	3	-5.4141948129141495
NOS1	3	-4.247689965772979
NOS1AP	3	-3.3457459299093153
NOS2	3	-2.1131604692153387
NOS3	3	-6.3747757837285235
NOVA1	3	-5.8807956421370156
NOX5	3	-3.3063015129937563
NPAS3	3	-4.632376587858024
NPB	2	-2.097391364261038
NPFFR1	3	-4.479613451322959
NPIPA3	5	-3.3659964933049307
NPIPB6	2	-2.6496796837236705
NPPA	3	-4.475580231323998
NPPB	4	-2.430473669699849
NPPC	3	-2.4987966424895487
NPW	2	-2.947760369623846
NPY	4	-2.120527306533587
NPY2R	3	-2.859946291329677
NPY4R2	2	-2.2508669651233415
NR4A3	2	-2.280107351399271
NREP	5	-3.684492010074993
NRL	3	-3.8115229600747416
NRXN1	3	-6.409401461731443
NRXN2	3	-4.393079424954292
NRXN3	4	-2.104070558533456
NTM	3	-4.3839443933856606
NTNG2	3	-2.8125930299265054
NTRK3	3	-5.483417586417199
NUDT10	3	-2.2367219091705284
NUDT11	1	-2.3035854380291596
NUP210	3	-4.441458882599376
NUTM2A	3	-2.4106189327820564
NUTM2E	3	-2.806657253498024
NWD1	3	-5.009072457130182
NWD2	3	-2.400852191327135
NXPE2	3	-2.9854096397292684
NXPH1	3	-3.3399661859467304
NXPH3	3	-2.6435794755244104
NYX	3	-2.3328041306062666
OBSCN-AS1	2	-3.647078299749761
OCA2	3	-2.0768267509552647
OCIAD2	4	-2.683853357937978
OCM	3	-3.509173639565024
OGN	3	-5.0493226189861415
OLFM1	3	-4.554121648003508
OLFM4	3	-5.425194309434236
OLFML2B	4	-2.2620763763911858
OLIG1	3	-3.9574898601089754
OLIG2	3	-4.402841921013399
OMG	3	-5.902028523285016
OPCML	3	-4.289806219310008
OPRK1	3	-3.0835626236836995
OPRL1	3	-3.773932118991013
OPRM1	3	-2.2680363124631717
OPTC	3	-2.61004670887421
OR10A2	2	-2.4072115452041376
OR1J2	4	-2.2311200125467656
OR1L6	2	-2.2414955626068767
OR1L8	3	-3.885890591165292
OR2A1	3	-2.6065400784539317
OR2A7	3	-2.9644659457979814
OR2C1	3	-3.655832290633947
OR2H2	3	-2.0789072913762605
OR2K2	3	-2.589497570233816
OR2T4	3	-2.0564635313638946
OR4N5	2	-2.070937319091917
OR51E2	4	-2.265992116973086
OR52I1	2	-2.308064758309486
OR5AU1	2	-2.0682397999052475
OR5B12	3	-2.173645107034874
OR5J2	2	-2.286805869976052
OR6B3	3	-2.1789723121960662
OR6N2	2	-2.1264702531197623
OR8B12	2	-2.0126775669403534
ORM2	2	-2.4072178933685953
OSBPL1A	2	-2.0395111624680915
OSBPL3	3	-2.0975339601220457
OSGIN1	4	-3.6686912395056317
OSR1	2	-3.1931873716988206
OTX2	4	-2.183996566938338
OVGP1	5	-2.65697011176947
OXT	2	-3.5067003861912642
P2RY10	3	-4.865170877740497
P2RY12	3	-8.092684524052768
P2RY14	3	-6.0561622955250325
PABPC1L	5	-2.282538668343538
PACRG	3	-5.729158415783155
PADI2	3	-5.213572061911399
PADI4	3	-3.9634958605554296
PAEP	4	-2.6334056348132098
PAK3	3	-4.297634593136359
PANX2	2	-4.3344314859046555
PARP15	3	-5.483276259111338
PARP8	3	-2.9915908379798215
PARVB	4	-2.4714886364551654
PARVG	3	-6.9326429337113
PASD1	2	-2.026137152664566
PATE2	3	-4.763512810181359
PATE4	2	-2.3012925535838678
PAX8	4	-2.5602301410384127
PAX9	2	-2.452506133093782
PCDH15	3	-2.622605029304452
PCDH17	3	-5.229916021990733
PCDH8	3	-4.170675582498749
PCDH9	3	-2.9569046790546247
PCDHA11	3	-2.9181913730983333
PCDHA12	3	-3.145255062365832
PCDHA13	3	-2.262929151696913
PCDHA3	5	-2.817647692848208
PCDHA6	3	-2.873483259464562
PCDHA7	3	-2.734787695025595
PCDHB1	3	-3.3297696254443703
PCDHB15	3	-3.82818780037086
PCDHB4	3	-2.219498283930823
PCDHB7	3	-3.0983136700198877
PCDHB8	3	-3.454090943311923
PCDHB9	1	-2.518461168716527
PCDHGA1	5	-2.1478524377941266
PCDHGA5	5	-2.3097277230109867
PCDHGA6	5	-2.1911130042980433
PCDHGB1	3	-2.5152777238075297
PCDHGB4	5	-2.682438504299539
PCDHGB5	5	-2.011730848996339
PCDHGC4	3	-4.035863481677696
PCSK1N	3	-2.9932162608656725
PDE1C	4	-2.853854514436799
PDE4A	2	-2.001047068907905
PDE5A	4	-2.171801713662156
PDE6A	3	-4.573867351303434
PDF	4	-2.073430443426722
PDGFB	3	-4.674660267465893
PDGFRL	4	-2.827882880661074
PDLIM3	4	-2.857660251314744
PDLIM4	5	-2.88046176233876
PDZD9	3	-2.869302407282266
PDZRN4	3	-5.114440015654841
PEG3	3	-3.6295622236631186
PERM1	2	-2.893982387540052
PGA5	3	-4.041492540148393
PGBD5	3	-4.809461854325268
PGF	4	-2.011906692222806
PGM5	3	-5.0900078568919
PGPEP1L	2	-3.434592000817785
PHF21B	3	-4.614583065325672
PHF24	3	-4.376604676089004
PHLDA2	4	-3.509939079294606
PHYHIPL	3	-6.365464841514505
PI16	3	-6.084386871348634
PI3	4	-2.310653594807154
PID1	3	-3.472505752242475
PIEZO2	2	-2.179649088269892
PIGR	3	-4.965775639129349
PIGY	1	-2.3085074140941026
PIK3CG	3	-7.630963050314512
PIK3R5	3	-6.679164755109758
PIK3R6	3	-4.9705358225133605
PIPOX	3	-2.1072444381497384
PIR	4	-3.170845051543568
PIRT	3	-5.605019424138878
PKIA	3	-4.0820390069859185
PLA2G2A	4	-4.908951163489001
PLA2G2D	3	-2.098337037102312
PLAUR	4	-3.645022830604408
PLCB2	3	-6.109004737396043
PLCB4	2	-2.3926065927142948
PLCD4	4	-2.4489587497835172
PLCH1	3	-2.0545905189325455
PLCZ1	2	-2.4926958913998347
PLD4	3	-6.439669170256464
PLD5	3	-2.9443095726635424
PLEK	3	-7.255322378480516
PLEKHA7	3	-6.189122612102403
PLEKHB1	3	-5.567008880973077
PLEKHG1	3	-4.714460070458661
PLEKHG4B	2	-2.1174260555400126
PLEKHG6	4	-2.141708433762142
PLEKHH2	4	-2.061940083402521
PLGLB2	5	-2.2637506503817018
PLK5	2	-3.305996910293622
PLLP	3	-5.017387175851106
PLPP2	2	-2.6922290028062963
PLPPR5	3	-3.9387447529071156
PLSCR5	5	-2.0657932440216555
PLXDC1	3	-4.103398430164686
PLXNA4	3	-2.5743588707148133
PLXNB3	3	-2.6929468911177152
PM20D1	3	-3.563448893737498
PNLIPRP3	4	-2.406219018586567
PNMA6E	3	-2.467362681814362
PNMT	3	-5.540486412408579
PNPLA1	2	-2.4928547983493194
PNPLA4	3	-2.94560825580246
PODN	2	-2.3913111700959293
PODXL2	3	-4.433344615559142
PON3	3	-5.224880564201218
POTEG	4	-2.286743827993275
POU3F2	3	-3.7196508404993205
POU3F4	3	-3.1326652237553207
PPARGC1A	3	-4.71677917325526
PPBP	3	-6.197287741888439
PPIAL4F	3	-2.0662399482526284
PPM1E	3	-5.115113051424145
PPM1J	4	-2.9456474457965767
PPP1R14C	3	-2.4523821778871886
PPP1R17	3	-4.066481914824195
PPP1R1B	3	-4.260835115289441
PPP1R1C	3	-3.414161476245124
PPP1R3A	5	-2.2577316355506456
PPP3R2	3	-2.8941813936896708
PRAM1	3	-6.747692645767115
PRDM16	2	-4.416272323157719
PRDM8	2	-3.032816756974741
PREX2	3	-4.397751957037825
PRKCH	3	-3.847595277504856
PRND	3	-2.483996932794201
PROM1	3	-2.6296619423106233
PROZ	2	-2.1092173256297606
PRPS1L1	2	-2.1764995587859337
PRR16	4	-2.079346214939576
PRR29	3	-2.423551412882912
PRR32	3	-3.171744786782113
PRR34	3	-2.3873264839051833
PRR5L	3	-3.027253657631116
PRRG4	3	-3.6389398987828767
PRRT2	2	-4.321729352902482
PRSS12	2	-2.2778404901586726
PRSS48	2	-4.480508129659397
PRSS56	3	-2.310166980796839
PSD4	3	-3.5661405117196288
PSG5	2	-2.2004066837297205
PSRC1	4	-3.278895950334409
PTCHD1	3	-4.909069349563872
PTGER1	4	-2.1150716046990494
PTGER3	2	-2.66569574913782
PTGIR	4	-2.4303630059307313
PTGS2	4	-2.1443731177783847
PTHLH	4	-2.3763022318841385
PTP4A3	3	-3.239352451001772
PTPN6	3	-6.658324653397808
PTPN7	3	-6.309001814264828
PTPRCAP	3	-3.163041402754261
PTPRE	3	-3.5258120349672417
PTPRH	4	-2.545280737880925
PTPRM	2	-2.254356973783123
PTPRN2	3	-5.048402007977818
PTPRQ	2	-2.816945632772835
PTPRT	3	-3.595757420572218
PYCR1	1	-2.992902490219201
PYROXD2	5	-2.280456555136164
QRFPR	3	-3.5661590965559613
RAB31	3	-3.0543377511608156
RAB39A	3	-5.854797482122218
RAB3B	2	-3.0448216061039326
RAB41	3	-2.8026002392686533
RAB44	4	-2.2435845885619585
RAB6C	2	-2.734971994361045
RAET1E	3	-3.0278527519510243
RAET1G	2	-2.36016650106536
RAET1L	4	-2.0636329425607642
RAG2	2	-2.4717006267739037
RAI2	3	-5.079130906732187
RALGPS2	1	-2.1406207886120265
RALYL	3	-5.1433628619118625
RAMP1	3	-2.7769572418546002
RANBP3L	3	-4.557984555439404
RASAL3	3	-7.209107013118603
RASGEF1C	3	-4.189891660094578
RASGRP4	3	-7.891971444270224
RASL11A	2	-2.451793602697433
RASSF10	3	-3.0270079589390724
RASSF2	3	-4.546808472192407
RASSF6	3	-2.358347023015429
RASSF7	2	-2.1358798568309783
RBM24	5	-2.1739929799838356
RBMXL2	3	-2.091105249249884
RBPJL	3	-3.3834072294099595
RDH10	4	-3.4502914056152267
RDH16	3	-2.2391769774973564
RDM1	2	-2.03961951854254
REN	5	-3.0363220577366374
RERGL	3	-3.9323418657090294
RETREG1	3	-5.2249944057779825
RFLNA	3	-2.028715501523705
RFPL3S	2	-2.786749292196589
RFPL4B	2	-2.35471187758132
RFX4	3	-5.28314435527694
RFX6	2	-2.989688609649649
RFX8	4	-2.9338195345467084
RGCC	3	-6.453593265592118
RGMA	3	-3.399411598457142
RGPD1	2	-2.0991067420259997
RGS1	3	-6.65459759263701
RGS11	2	-2.1997153097229245
RGS2	3	-2.751031433194651
RGS20	5	-2.076650519089268
RGS7	3	-2.584398605963433
RHBDL2	2	-2.882054516561745
RHBDL3	3	-5.090248134476315
RHCE	2	-2.648472946759617
RHCG	3	-3.0071428303904075
RHOU	3	-4.30817480116698
RIBC1	3	-3.2571116611382034
RIMBP3B	2	-2.324498752630474
RIMKLA	3	-4.848062596727768
RIMS1	3	-2.020684905854243
RIPK3	3	-8.16545004451077
RIPPLY2	3	-5.330039086729968
RLBP1	3	-5.445742833793194
RLN1	3	-2.8548831178478373
RNASE11	2	-2.1140804962263497
RND2	3	-4.518156060902737
RNF112	3	-4.4144101333773875
RNF144B	3	-4.526662418361182
RNF182	3	-2.0012184712185186
RNLS	4	-2.167341195067352
ROBO2	3	-3.2987009421981877
ROBO4	3	-6.3102228424824585
ROPN1B	3	-6.402807710488298
ROR2	3	-2.13482205565971
RP1L1	3	-2.2758727702831316
RPE65	3	-3.890484946341122
RPH3A	3	-4.421911444969947
RPH3AL	3	-2.7414685744758733
RPP25	2	-2.2319326714166956
RRAGD	3	-5.4244304946516495
RS1	3	-2.2879990941134167
RSPO3	2	-4.27936149034661
RTL4	3	-3.067883957175878
RTL9	3	-3.032293388362563
RTN1	3	-3.624941065950221
RUNDC3B	3	-5.759605612206258
RUNX1T1	2	-3.7870214398708404
RYR3	3	-4.422999008589838
S100Z	3	-7.202038323627108
S1PR1	3	-6.048485627420821
S1PR5	2	-2.7590470978133936
SAA1	4	-2.6555193450882397
SALL1	3	-3.425614831521401
SAMD11	2	-2.332768163678573
SAMD13	3	-4.116963955346868
SAMD3	3	-3.1660955448759283
SAMD7	2	-2.5102801105969044
SAMSN1	3	-8.157349562219702
SATB1	3	-5.133518443201036
SATB2	4	-2.041425206713355
SBSN	2	-3.3308020243758727
SCD5	3	-2.848571328843945
SCG3	3	-6.028982738315729
SCIMP	3	-7.990843552981753
SCN10A	4	-2.173371342851722
SCN11A	3	-4.290961972958372
SCN3A	3	-5.47226146998214
SCN4A	3	-2.608615944491849
SCN5A	4	-2.0546257137479595
SCN7A	3	-3.749314887429213
SCRG1	3	-3.2562799245698026
SCT	2	-2.176072684295337
SDC3	3	-3.0400493900335563
SEC14L4	3	-2.425041707328474
SEC31B	5	-2.861472485705724
SEL1L2	2	-2.0762239488662373
SELENBP1	2	-2.2867846687101077
SELENOP	3	-5.7320738942842135
SELL	3	-6.494868763110364
SEMA3D	2	-3.7405500953857045
SEMA3E	3	-2.1328548163542282
SEMA4D	3	-5.1730232515592025
SEMA5B	2	-2.0777222196565917
SEMA6A	3	-2.604252490954862
SEMA6B	3	-4.584568862520857
SEPT6	4	-3.4792032297865223
SERF1A	5	-3.26335196382459
SERPINB8	4	-4.749943547286332
SERPINB9	3	-5.496513970358114
SERPINE1	4	-4.882844740459454
SERPINI2	3	-5.6786336689539425
SEZ6L2	4	-2.019390525111932
SFN	4	-2.4575213425029983
SFRP4	3	-2.770239399185798
SFRP5	3	-2.0570329834715952
SGCB	1	-4.079940269722746
SGK1	3	-2.092115638103106
SGPP2	3	-7.5690600272831325
SGSM1	3	-5.3568858890717514
SH2D1A	3	-5.039189922426244
SH2D4A	4	-3.157537040389651
SH3D21	4	-2.035407905410243
SH3TC1	3	-4.79979016285396
SHANK2	3	-3.70868124514723
SHC3	3	-3.396280744139414
SHD	3	-4.8340881413083014
SHH	3	-2.825765243600391
SHISA2	2	-2.918566532905437
SHISA3	2	-2.056003799056116
SHISA6	3	-2.919961620042241
SHISA7	3	-4.50008161518255
SHISA9	3	-3.0459036604775473
SIGLEC10	3	-7.696506730471514
SIGLEC11	3	-7.56924694471434
SIGLEC12	3	-3.760950158773354
SIGLEC14	3	-5.194536214456676
SIGLEC15	4	-3.3300919960061637
SIGLEC7	3	-7.784095151095814
SIGLEC9	3	-7.564954823013909
SIRPB1	3	-2.678292973560448
SIRPB2	3	-8.291421964226965
SIT1	3	-4.815106790676389
SIX1	5	-2.038192813697802
SKAP2	3	-2.6930211142536096
SLA	3	-7.324031285422756
SLAIN1	3	-4.976549913579746
SLAMF1	3	-3.9761814746745068
SLAMF7	3	-3.264786752335436
SLC11A1	3	-6.262985625432226
SLC12A3	3	-5.303662312849236
SLC15A2	3	-5.219977572107857
SLC16A10	3	-4.431103135501883
SLC16A12	4	-2.0095743451949883
SLC16A14	3	-6.1256476989387645
SLC16A6	3	-4.363948638872002
SLC17A3	3	-2.066142749768494
SLC17A7	2	-4.0208917200943235
SLC17A9	4	-2.4758670591571192
SLC18A3	4	-2.106918078091567
SLC1A3	3	-2.9401662934336663
SLC1A7	2	-2.5830262446875607
SLC22A15	3	-5.131551681721151
SLC22A16	3	-3.375686960938678
SLC24A3	3	-5.371102586591947
SLC26A3	3	-2.4904406329089857
SLC26A4	4	-2.6003690579256205
SLC26A7	3	-4.09860762072782
SLC28A2	3	-2.391234687729561
SLC2A13	3	-2.4015889032172555
SLC2A14	4	-2.7025690103915734
SLC30A10	3	-6.167386951834498
SLC30A8	2	-2.473735393447593
SLC31A2	3	-3.0893651630092185
SLC35D3	3	-2.257025062472659
SLC35G2	3	-2.474514022574641
SLC36A3	2	-2.4838125721210784
SLC38A1	3	-3.123326220362206
SLC39A12	3	-4.190707309711034
SLC44A4	4	-2.0621212905811026
SLC44A5	3	-4.471432484955498
SLC45A3	2	-3.7882052211971247
SLC46A1	3	-4.420331386164388
SLC4A1	3	-3.852981239962218
SLC4A9	2	-3.2114753570146384
SLC52A1	4	-3.0986513163412694
SLC5A4	3	-4.942615119020751
SLC6A14	3	-2.0939553873819325
SLC6A15	2	-3.139961790171765
SLC6A16	2	-2.586243304466567
SLC6A6	4	-3.538502965385758
SLC6A9	3	-3.0114019149503117
SLC7A10	3	-2.4908511013078622
SLC7A14	3	-3.494981198659439
SLC7A2	2	-2.1312142254587827
SLC7A3	3	-2.5743920830860003
SLC7A7	3	-6.07191082657439
SLC7A8	3	-3.8565350858443854
SLC7A9	3	-2.551433912731491
SLC8A1	3	-3.176850852534473
SLC8A3	3	-4.007109919930061
SLC9C2	3	-4.288189046066504
SLFN11	3	-2.6299919216614707
SLFN13	3	-2.7574574346425633
SLFNL1	2	-3.157270353226147
SLITRK1	3	-4.264490936465428
SLITRK3	3	-4.157055201897669
SLITRK4	3	-4.190517759677376
SLX1B	4	-2.068485316045048
SMAGP	4	-2.1466075389506267
SMCO2	2	-2.321724938373184
SMIM18	3	-5.188312555778299
SMIM24	3	-3.9605805482737924
SMIM5	3	-6.119519201069399
SMOC2	3	-4.63732562089758
SMPDL3B	3	-2.8688390746501886
SNAI3	3	-5.094779869976096
SNTA1	2	-2.2190794618004666
SNX20	3	-6.703889316409499
SNX22	3	-2.798653340266835
SOAT2	4	-2.233555100951235
SOCS1	4	-2.000591145846785
SORBS1	3	-5.3324245775248755
SORCS3	3	-3.486968368717039
SOX14	3	-2.0068845905865778
SOX18	3	-3.0343433041988925
SOX5	3	-4.572791736491458
SOX6	3	-4.107310121527569
SP140	3	-4.960760747919669
SPAAR	3	-5.860343076096344
SPAG6	3	-2.592377504455571
SPATA1	3	-2.238850278643903
SPATA17	3	-3.3647999794550234
SPATA21	2	-2.2590310249013017
SPATA4	3	-3.9331012815108677
SPATA6L	3	-3.2912139026617595
SPATS1	3	-2.9985665103052046
SPDYE6	2	-2.3571505920906555
SPERT	4	-2.01945322932451
SPI1	3	-7.152310035491622
SPINK13	1	-2.80827369851627
SPN	3	-7.416698147165243
SPNS3	3	-5.162041813693468
SPOCD1	4	-4.276480766821118
SPOCK1	4	-2.004783447138943
SPOCK2	3	-5.921883889745152
SPRY2	1	-2.752855422438911
SPTSSB	3	-4.007945747823557
SRD5A2	3	-2.641480113139574
SRGAP3	3	-5.841920964059341
SSC4D	3	-4.4045302900774015
SSTR1	3	-3.340894292193202
SSUH2	3	-2.3025295175565152
ST18	3	-5.88548547098691
ST6GALNAC1	3	-8.167943970094411
ST6GALNAC3	3	-4.838459204988399
ST8SIA1	3	-3.2810812263868225
ST8SIA3	3	-2.784587647339036
ST8SIA6	3	-5.4449099606132165
STAB1	3	-6.953390354188917
STAC2	4	-2.27089422035884
STAT6	4	-2.4798171705582748
STC1	4	-3.681418146099346
STK26	2	-2.509221719706487
STK31	3	-6.011102558154414
STK32A	3	-2.8700176302823004
STMN2	3	-2.8188997032891856
STMN4	3	-5.70382125635446
STOX1	3	-4.138206094588383
STX11	3	-2.3565544860121697
STXBP2	3	-2.793053061366982
SUCNR1	3	-2.478249412248987
SULT1B1	3	-3.42089307655001
SULT1C4	3	-6.172911575251278
SULT2B1	4	-3.1884795660409995
SUSD2	4	-2.8798170013409212
SYCE1L	4	-2.2025459279993638
SYCP2	5	-2.3002373013578348
SYNDIG1L	3	-4.290710896248992
SYNE1	3	-3.307760185227511
SYNGR3	2	-2.1454236006198344
SYNPO	3	-2.105508536460983
SYNPO2L	2	-2.8896940455744162
SYT1	3	-3.157986558501204
SYT10	3	-3.3483294302389717
SYT15	2	-3.200514671006823
SYT16	3	-3.3461980838090843
SYT17	3	-5.355377442301413
SYTL2	4	-3.6283811124630008
SYTL4	3	-3.4475777010748776
TAC3	3	-2.21069730255342
TACSTD2	4	-2.6920904127144465
TAGLN3	3	-4.237145126991784
TAL1	3	-7.71055716508278
TAS1R1	3	-2.3813040585837544
TBC1D10C	3	-4.82857581965233
TBC1D28	2	-2.6221951531416434
TBC1D3D	5	-2.139873312913448
TBC1D3H	3	-2.029974169276381
TBC1D3L	2	-2.887566129865525
TBX15	4	-2.5630645712474003
TCEAL2	3	-4.2466940520046395
TCEAL5	3	-5.461552794569592
TCEAL6	3	-4.704978272240925
TCEAL7	4	-2.0383725865477254
TCF7L1	2	-3.5888222120039446
TCIRG1	4	-2.584766303038099
TCN1	4	-3.2084169769115722
TDGF1	3	-5.23141820666595
TDRP	3	-4.670015647622448
TECRL	3	-2.0084619514149398
TEK	3	-3.4275678749826928
TEKT2	3	-3.442450251875123
TENM1	3	-3.802209613943272
TESC	3	-4.871866473188019
TEX101	2	-2.595265320594594
TEX11	2	-2.1336487775231894
TEX13D	5	-2.164087889763713
TEX14	3	-2.7016501332635756
TEX22	2	-4.164887832111442
TEX37	2	-2.220509297623817
TEX44	2	-2.5033100986665193
TEX45	2	-3.1001397626696523
TEX9	3	-2.101590205340486
TFF3	3	-3.194797493050414
TG	2	-2.7223804237614853
TGFBR3	3	-2.4047540565134105
TGIF2-C20orf24	1	-2.4899979776697707
TGM1	5	-2.952534881047387
TGM3	3	-2.7983785097231935
THBD	4	-2.447007770228266
TIAM2	3	-2.9158619020930194
TIFAB	3	-3.996393576308189
TINCR	2	-2.933439435575544
TKTL1	3	-3.385858829954
TLDC2	3	-2.6095577424059258
TLE1	3	-3.0941077784753515
TLL2	3	-3.312901291346762
TLX1	5	-2.1684150540042952
TM4SF1	4	-3.0938272769063317
TM4SF5	3	-2.2448466030511938
TMC8	3	-6.182623273781576
TMCC3	3	-6.459115392982933
TMEM100	3	-2.1175901592123867
TMEM108	3	-3.419546759044326
TMEM132C	3	-5.909136576884247
TMEM139	3	-4.517710939764132
TMEM151B	3	-4.929641714748587
TMEM156	3	-4.920437554941843
TMEM169	3	-4.654008429269607
TMEM170B	3	-4.078333963415437
TMEM173	4	-2.4264658065672298
TMEM176A	3	-6.345231607013976
TMEM176B	3	-6.589610350447127
TMEM178A	3	-4.495351532668018
TMEM178B	3	-3.874825819624379
TMEM200B	4	-2.9353264105476455
TMEM200C	4	-2.410810447159377
TMEM204	3	-3.5816772940547
TMEM212	3	-2.7318180947121333
TMEM217	4	-2.769767320863915
TMEM225B	5	-4.610389859667276
TMEM229A	3	-6.143186003541735
TMEM240	2	-2.3767321591267865
TMEM246	3	-2.5135161299023516
TMEM253	5	-2.808524294419971
TMEM255B	3	-3.5613434243226068
TMEM262	2	-2.681593713319218
TMEM269	3	-2.1843349655403053
TMEM27	3	-2.433666442027498
TMEM45B	3	-7.203584234354485
TMEM52	2	-3.0854168928964567
TMEM52B	3	-6.92696318538702
TMEM56	3	-2.385939172767168
TMEM56-RWDD3	3	-2.186498761663903
TMEM59L	3	-3.46393229398565
TMEM78	2	-2.2008342343607015
TMIGD3	3	-8.435093946961272
TMPRSS11D	3	-2.041357935179337
TMPRSS2	3	-2.3208908478461407
TMPRSS3	3	-3.864034659810666
TMPRSS4-AS1	3	-4.827225225328794
TMPRSS7	2	-3.0736475898010553
TMX2-CTNND1	3	-4.599698741511101
TNF	3	-5.080850248407393
TNFAIP6	4	-4.809291873824819
TNFAIP8L2	3	-7.947961033765673
TNFRSF10D	4	-2.5473580116316286
TNFRSF11A	3	-5.023404327648723
TNFRSF11B	4	-2.3317659792950383
TNFRSF17	3	-2.0141724855630283
TNFRSF4	3	-2.0691967234398576
TNFRSF9	4	-2.2122980580017497
TNFSF14	3	-5.373058776484955
TNFSF15	4	-2.5574997473328858
TNFSF8	3	-8.203344628417604
TNIP3	2	-2.3745751016400845
TNNI2	3	-5.645839888700153
TOGARAM2	3	-4.90887351523006
TOX3	3	-5.092331293976713
TP53TG3B	3	-2.537808432004275
TP73	3	-2.7554349136955048
TPBGL	3	-2.2845460722377253
TPD52	3	-4.221892190660321
TPH1	3	-4.9486836261841285
TPO	3	-2.0632665537971415
TPTE2	3	-2.2978426229687896
TRABD2A	4	-2.541475262530827
TRABD2B	4	-2.5863473683516993
TRAF3IP3	3	-6.94425369956599
TRAT1	3	-4.101606320131933
TREML1	3	-8.197700419041018
TRHDE	3	-2.1625807539002646
TRIB2	1	-3.422132566595274
TRIL	3	-3.097261660889497
TRIM38	4	-2.366641983765555
TRIM5	4	-2.742081199236145
TRIM58	2	-2.3800092750768833
TRIM63	3	-2.107641999184728
TRIM71	3	-3.7128018364078246
TRPC6	4	-2.3981681384435825
TRPM2	3	-7.486505767548685
TRPM5	3	-2.3913797985568053
TRPV2	4	-2.6230472401492753
TSACC	2	-2.0938720153178965
TSC22D3	3	-2.4201767131287615
TSGA10IP	3	-2.5811142590014318
TSHZ2	3	-2.37064078008554
TSHZ3	1	-2.3662147094018295
TSPAN33	3	-6.119186716124565
TSSK4	2	-2.685909400357822
TTBK1	3	-5.77965224609935
TTC16	3	-2.885764756367071
TTC23L	3	-3.9265033551317994
TTC24	3	-3.8373706995236025
TTC36	2	-3.102387932184375
TTC9	3	-2.3148424160645176
TTK	1	-2.090156980403207
TTLL10	3	-2.517879899258918
TTLL13P	5	-2.0441841399250165
TTLL9	3	-6.731271928097551
TTN	3	-5.568985869869938
TTYH2	3	-5.645895319572464
TUBAL3	3	-3.14623797774651
TUBB2A	3	-2.499626486660541
TULP1	3	-3.236942473330109
TVP23A	3	-4.617867535294434
TVP23C	4	-3.2428978184125037
TXLNB	3	-5.290206924413537
TXNDC2	3	-3.014024469435787
TXNRD3NB	2	-3.011106161082098
TYROBP	3	-7.463756624229633
TYRP1	3	-2.135761199914579
UBE2F-SCLY	3	-2.3696713484387613
UBE2Q2L	2	-2.2060939740098635
UBL4B	3	-2.3690619391067456
UBQLN3	4	-2.1697925359280936
UCN2	4	-3.147465197071282
UCN3	3	-2.2156611094799574
UCP1	3	-2.072491486978507
UGT1A6	2	-2.052666868735844
UGT2B17	3	-2.820560592573627
ULBP2	4	-3.4567290857671247
UNC5CL	3	-2.820113127274085
UNC80	3	-5.829450487749879
UPK2	2	-2.3503376086740437
UPK3A	3	-3.810817432506772
UPP1	4	-3.578879629693613
USH1C	3	-6.219339317935847
USH2A	3	-4.469381778078247
USP17L15	2	-3.186976342265341
USP50	3	-2.341040880930771
VAV1	3	-7.7487539460894235
VCX3B	3	-2.125759791955982
VEGFA	4	-2.212416003601839
VGF	4	-2.653012004294132
VIL1	3	-2.045323938711522
VILL	3	-3.260354062080263
VIT	3	-2.759334918337053
VNN1	3	-6.915102127059367
VPS37B	5	-2.402098861097593
VRTN	2	-2.1682356144036548
VSIG1	3	-3.017117788369023
VSIG8	2	-3.531774880412711
VSNL1	3	-2.1389556329503643
VSTM1	3	-2.0752560628949093
VSX2	3	-2.1961346192792597
VWA3B	3	-2.5648664095309393
VWC2	3	-3.3057910774216217
WAS	3	-5.959320222040767
WASHC1	5	-2.148018061058308
WDFY4	3	-7.811693297270574
WDR86	3	-3.4026331609858764
WDR87	2	-3.2327661656596196
WDR88	3	-4.025646553425836
WDR93	3	-2.471362843817782
WDR97	2	-2.8690267686565694
WFDC2	3	-5.302750615298447
WIPF3	3	-2.558842857223916
WISP3	3	-2.442019293576541
WNT10A	3	-3.0617612950641413
WNT2	3	-3.148009709822133
WNT7A	3	-4.700119047609669
WNT9B	3	-5.786158177950228
WT1	4	-2.1855599221480406
XCL1	3	-2.94884180382672
XCL2	3	-2.5123568424991416
XCR1	3	-3.4840343769327897
XIRP2	3	-2.5053082257073025
XK	3	-2.9958229235632254
XKR6	3	-2.943070254997637
XKR8	4	-2.048794262360509
XKRX	3	-2.1953087301131085
XPNPEP2	3	-6.728943530452694
XYLT1	3	-2.2022336995757015
Z82206.1	3	-2.518653108806202
ZACN	2	-4.153973748609592
ZAR1	3	-2.099150354983198
ZBED6CL	3	-3.375659363015962
ZBED9	5	-2.4768698846692216
ZBP1	3	-5.200798764383443
ZBTB16	3	-5.698792791680111
ZBTB8B	3	-3.9654309276592397
ZC2HC1B	3	-2.4096473921603416
ZIC3	3	-5.233661984387299
ZIC5	3	-3.349749238074574
ZIM2	3	-3.410698902913337
ZNF114	3	-3.7640535091590115
ZNF233	3	-3.9496627467674323
ZNF296	2	-3.0773980281546685
ZNF365	3	-2.7131614022232826
ZNF385A	3	-3.0468975856750156
ZNF423	3	-2.1577003986111163
ZNF469	2	-2.217632973058032
ZNF474	3	-2.224849876789011
ZNF497	3	-2.6675111589505702
ZNF503	1	-2.640157999114484
ZNF536	3	-3.5838042518097564
ZNF575	2	-2.4052546578436695
ZNF578	3	-3.686962671226336
ZNF670-ZNF695	2	-2.172027194917129
ZNF676	3	-2.016356509074507
ZNF681	3	-3.145592184082385
ZNF716	2	-2.16584387994492
ZNF80	3	-3.3407054102460134
ZNF835	3	-6.191868547473606
ZP4	4	-2.189545708756222
ZSCAN1	3	-4.27058873344332
ZYG11A	2	-3.567275318024036
